Year,Month,Tmean,Tmax,Tmin,Rain,SolarRad,FrostDays,MonthIrrig
1973,1,2.20152542823623,11.419694444444,-3.10915,1,1.96881079825731,0,0
1973,2,2.45395443418007,9.2405,-3.74154166666699,1,6.85849129403522,0,0
1973,3,4.6287319376892,14.152555555556,-1.51065833333297,44.4,7.819030014888,0,0
1973,4,7.29964724210329,18.368416666667,-2.31285277777801,42.8,16.4381217266506,0,0
1973,5,7.35815655632847,16.233805555556,0.00489166666704932,74.609,15.9766661291905,0,0
1973,6,11.1103811027257,24.558666666667,1,48.08,17.2653491455315,0,0
1973,7,12.1770074517389,23.817388888889,1,205.255,15.5679978624898,0,0
1973,8,13.082317653499,19.816527777778,1,112.275,14.8199051204932,0,0
1973,9,10.399600840195,17.211444444444,1,55.94,10.3341412721667,0,0
1973,10,8.90069540676492,18.201166666667,1,105.533,5.3739956119868,0,0
1973,11,6.31472270214019,16.567583333333,-2.187805555556,234.108,2.2385912110689,0,0
1973,12,5.89137026598508,13.483916666667,-0.100236111110974,367.315,1.22946709247735,0,0
1974,1,2.9276973774385,11.790444444444,-3.117380555556,294.853,1.57335607719725,0,0
1974,2,2.0366494747643,9.42808333333301,-3.04163055555597,68.522,4.85029482293103,0,0
1974,3,3.7501210107787,11.197361111111,-2.98917777777797,65.748,7.51969098957138,0,0
1974,4,4.26401418027538,15.11,-2.73199999999997,94.028,12.7641725467762,0,0
1974,5,8.96936213993909,19.153972222222,0.964466666667022,51.69,17.7551528044195,0,0
1974,6,11.2082197222626,22.000416666667,1,134.515,15.6617781527993,0,0
1974,7,13.2338140461056,26.332305555556,1,134.098,15.2017560550865,0,0
1974,8,13.3987509370782,21.775472222222,1,121.412,14.0181975665729,0,0
1974,9,13.4408290868014,26.38475,1,67.94,10.4427538505454,0,0
1974,10,8.68630251364172,14.695861111111,1,74.88,5.16634165825765,0,0
1974,11,3.52232353745562,11.711222222222,-1.56034722222199,189.427,3.01452644981012,0,0
1974,12,5.31539218061319,12.576833333333,-0.249763888888992,49.974,1.55158151899403,0,0
1975,1,2.82619992956554,9,-4.76553055555598,52.482,1.99742414852437,0,0
1975,2,3.59342614462765,11.688305555556,-2.15262777777775,164.471,3.49557595718514,0,0
1975,3,5.61847942901517,15.7432222222222,-1.57872222222215,134.47,8.41286158526817,0,0
1975,4,6.04938009239419,15.8691666666667,-2.0472972222222,19.659,13.8246466570513,0,0
1975,5,10.0707184278364,22.9852222222223,1,35.56,17.4053106749416,0,0
1975,6,12.4357051241016,23.4249444444445,1,246.176,15.5591844430796,0,0
1975,7,12.6025835378146,21.324388888889,1,161.963,14.0671664010596,0,0
1975,8,12.8523567789713,19.7691111111112,1,85.599,13.7605044292749,0,0
1975,9,10.837412957176,17.5186944444445,1,115.251,8.89175823183333,0,0
1975,10,9.70019977573115,15.9230833333334,1,188.732,4.36750563951613,0,0
1975,11,3.61438966278191,10.78,-2.56822499999993,128.992,3.1029169487535,0,0
1975,12,2.31523524135938,10.9548888888889,-5.26539444444438,117.669,1.68045646268548,0,0
1976,1,2.20152542823623,11.419694444444,-3.10915,1,1.96881079825731,0,0
1976,2,2.45395443418007,9.2405,-3.74154166666699,1,6.85849129403522,0,0
1976,3,4.6287319376892,14.152555555556,-1.51065833333297,44.4,7.819030014888,0,0
1976,4,7.29964724210329,18.368416666667,-2.31285277777801,42.8,16.4381217266506,0,0
1976,5,7.35815655632847,16.233805555556,0.00489166666704932,74.609,15.9766661291905,0,0
1976,6,11.1103811027257,24.558666666667,1,48.08,17.2653491455315,0,0
1976,7,12.1770074517389,23.817388888889,1,205.255,15.5679978624898,0,0
1976,8,13.082317653499,19.816527777778,1,112.275,14.8199051204932,0,0
1976,9,10.399600840195,17.211444444444,1,55.94,10.3341412721667,0,0
1976,10,8.90069540676492,18.201166666667,1,105.533,5.3739956119868,0,0
1976,11,6.31472270214019,16.567583333333,-2.187805555556,234.108,2.2385912110689,0,0
1976,12,5.89137026598508,13.483916666667,-0.100236111110974,367.315,1.22946709247735,0,0
1977,1,2.9276973774385,11.790444444444,-3.117380555556,294.853,1.57335607719725,0,0
1977,2,2.0366494747643,9.42808333333301,-3.04163055555597,68.522,4.85029482293103,0,0
1977,3,3.7501210107787,11.197361111111,-2.98917777777797,65.748,7.51969098957138,0,0
1977,4,4.26401418027538,15.11,-2.73199999999997,94.028,12.7641725467762,0,0
1977,5,8.96936213993909,19.153972222222,0.964466666667022,51.69,17.7551528044195,0,0
1977,6,11.2082197222626,22.000416666667,1,134.515,15.6617781527993,0,0
1977,7,13.2338140461056,26.332305555556,1,134.098,15.2017560550865,0,0
1977,8,13.3987509370782,21.775472222222,1,121.412,14.0181975665729,0,0
1977,9,13.4408290868014,26.38475,1,67.94,10.4427538505454,0,0
1977,10,8.68630251364172,14.695861111111,1,74.88,5.16634165825765,0,0
1977,11,3.52232353745562,11.711222222222,-1.56034722222199,189.427,3.01452644981012,0,0
1977,12,5.31539218061319,12.576833333333,-0.249763888888992,49.974,1.55158151899403,0,0
1978,1,2.82619992956554,9,-4.76553055555598,52.482,1.99742414852437,0,0
1978,2,3.59342614462765,11.688305555556,-2.15262777777775,164.471,3.49557595718514,0,0
1978,3,5.61847942901517,15.7432222222222,-1.57872222222215,134.47,8.41286158526817,0,0
1978,4,6.04938009239419,15.8691666666667,-2.0472972222222,19.659,13.8246466570513,0,0
1978,5,10.0707184278364,22.9852222222223,1,35.56,17.4053106749416,0,0
1978,6,12.4357051241016,23.4249444444445,1,246.176,15.5591844430796,0,0
1978,7,12.6025835378146,21.324388888889,1,161.963,14.0671664010596,0,0
1978,8,12.8523567789713,19.7691111111112,1,85.599,13.7605044292749,0,0
1978,9,10.837412957176,17.5186944444445,1,115.251,8.89175823183333,0,0
1978,10,9.70019977573115,15.9230833333334,1,188.732,4.36750563951613,0,0
1978,11,3.61438966278191,10.78,-2.56822499999993,128.992,3.1029169487535,0,0
1978,12,2.31523524135938,10.9548888888889,-5.26539444444438,117.669,1.68045646268548,0,0
1979,1,2.20152542823623,11.419694444444,-3.10915,1,1.96881079825731,0,0
1979,2,2.45395443418007,9.2405,-3.74154166666699,1,6.85849129403522,0,0
1979,3,4.6287319376892,14.152555555556,-1.51065833333297,44.4,7.819030014888,0,0
1979,4,7.29964724210329,18.368416666667,-2.31285277777801,42.8,16.4381217266506,0,0
1979,5,7.35815655632847,16.233805555556,0.00489166666704932,74.609,15.9766661291905,0,0
1979,6,11.1103811027257,24.558666666667,1,48.08,17.2653491455315,0,0
1979,7,12.1770074517389,23.817388888889,1,205.255,15.5679978624898,0,0
1979,8,13.082317653499,19.816527777778,1,112.275,14.8199051204932,0,0
1979,9,10.399600840195,17.211444444444,1,55.94,10.3341412721667,0,0
1979,10,8.90069540676492,18.201166666667,1,105.533,5.3739956119868,0,0
1979,11,6.31472270214019,16.567583333333,-2.187805555556,234.108,2.2385912110689,0,0
1979,12,5.89137026598508,13.483916666667,-0.100236111110974,367.315,1.22946709247735,0,0
1980,1,2.9276973774385,11.790444444444,-3.117380555556,294.853,1.57335607719725,0,0
1980,2,2.0366494747643,9.42808333333301,-3.04163055555597,68.522,4.85029482293103,0,0
1980,3,3.7501210107787,11.197361111111,-2.98917777777797,65.748,7.51969098957138,0,0
1980,4,4.26401418027538,15.11,-2.73199999999997,94.028,12.7641725467762,0,0
1980,5,8.96936213993909,19.153972222222,0.964466666667022,51.69,17.7551528044195,0,0
1980,6,11.2082197222626,22.000416666667,1,134.515,15.6617781527993,0,0
1980,7,13.2338140461056,26.332305555556,1,134.098,15.2017560550865,0,0
1980,8,13.3987509370782,21.775472222222,1,121.412,14.0181975665729,0,0
1980,9,13.4408290868014,26.38475,1,67.94,10.4427538505454,0,0
1980,10,8.68630251364172,14.695861111111,1,74.88,5.16634165825765,0,0
1980,11,3.52232353745562,11.711222222222,-1.56034722222199,189.427,3.01452644981012,0,0
1980,12,5.31539218061319,12.576833333333,-0.249763888888992,49.974,1.55158151899403,0,0
1981,1,2.82619992956554,9,-4.76553055555598,52.482,1.99742414852437,0,0
1981,2,3.59342614462765,11.688305555556,-2.15262777777775,164.471,3.49557595718514,0,0
1981,3,5.61847942901517,15.7432222222222,-1.57872222222215,134.47,8.41286158526817,0,0
1981,4,6.04938009239419,15.8691666666667,-2.0472972222222,19.659,13.8246466570513,0,0
1981,5,10.0707184278364,22.9852222222223,1,35.56,17.4053106749416,0,0
1981,6,12.4357051241016,23.4249444444445,1,246.176,15.5591844430796,0,0
1981,7,12.6025835378146,21.324388888889,1,161.963,14.0671664010596,0,0
1981,8,12.8523567789713,19.7691111111112,1,85.599,13.7605044292749,0,0
1981,9,10.837412957176,17.5186944444445,1,115.251,8.89175823183333,0,0
1981,10,9.70019977573115,15.9230833333334,1,188.732,4.36750563951613,0,0
1981,11,3.61438966278191,10.78,-2.56822499999993,128.992,3.1029169487535,0,0
1981,12,2.31523524135938,10.9548888888889,-5.26539444444438,117.669,1.68045646268548,0,0
1982,1,2.20152542823623,11.419694444444,-3.10915,1,1.96881079825731,0,0
1982,2,2.45395443418007,9.2405,-3.74154166666699,1,6.85849129403522,0,0
1982,3,4.6287319376892,14.152555555556,-1.51065833333297,44.4,7.819030014888,0,0
1982,4,7.29964724210329,18.368416666667,-2.31285277777801,42.8,16.4381217266506,0,0
1982,5,7.35815655632847,16.233805555556,0.00489166666704932,74.609,15.9766661291905,0,0
1982,6,11.1103811027257,24.558666666667,1,48.08,17.2653491455315,0,0
1982,7,12.1770074517389,23.817388888889,1,205.255,15.5679978624898,0,0
1982,8,13.082317653499,19.816527777778,1,112.275,14.8199051204932,0,0
1982,9,10.399600840195,17.211444444444,1,55.94,10.3341412721667,0,0
1982,10,8.90069540676492,18.201166666667,1,105.533,5.3739956119868,0,0
1982,11,6.31472270214019,16.567583333333,-2.187805555556,234.108,2.2385912110689,0,0
1982,12,5.89137026598508,13.483916666667,-0.100236111110974,367.315,1.22946709247735,0,0
1983,1,2.9276973774385,11.790444444444,-3.117380555556,294.853,1.57335607719725,0,0
1983,2,2.0366494747643,9.42808333333301,-3.04163055555597,68.522,4.85029482293103,0,0
1983,3,3.7501210107787,11.197361111111,-2.98917777777797,65.748,7.51969098957138,0,0
1983,4,4.26401418027538,15.11,-2.73199999999997,94.028,12.7641725467762,0,0
1983,5,8.96936213993909,19.153972222222,0.964466666667022,51.69,17.7551528044195,0,0
1983,6,11.2082197222626,22.000416666667,1,134.515,15.6617781527993,0,0
1983,7,13.2338140461056,26.332305555556,1,134.098,15.2017560550865,0,0
1983,8,13.3987509370782,21.775472222222,1,121.412,14.0181975665729,0,0
1983,9,13.4408290868014,26.38475,1,67.94,10.4427538505454,0,0
1983,10,8.68630251364172,14.695861111111,1,74.88,5.16634165825765,0,0
1983,11,3.52232353745562,11.711222222222,-1.56034722222199,189.427,3.01452644981012,0,0
1983,12,5.31539218061319,12.576833333333,-0.249763888888992,49.974,1.55158151899403,0,0
1984,1,2.82619992956554,9,-4.76553055555598,52.482,1.99742414852437,0,0
1984,2,3.59342614462765,11.688305555556,-2.15262777777775,164.471,3.49557595718514,0,0
1984,3,5.61847942901517,15.7432222222222,-1.57872222222215,134.47,8.41286158526817,0,0
1984,4,6.04938009239419,15.8691666666667,-2.0472972222222,19.659,13.8246466570513,0,0
1984,5,10.0707184278364,22.9852222222223,1,35.56,17.4053106749416,0,0
1984,6,12.4357051241016,23.4249444444445,1,246.176,15.5591844430796,0,0
1984,7,12.6025835378146,21.324388888889,1,161.963,14.0671664010596,0,0
1984,8,12.8523567789713,19.7691111111112,1,85.599,13.7605044292749,0,0
1984,9,10.837412957176,17.5186944444445,1,115.251,8.89175823183333,0,0
1984,10,9.70019977573115,15.9230833333334,1,188.732,4.36750563951613,0,0
1984,11,3.61438966278191,10.78,-2.56822499999993,128.992,3.1029169487535,0,0
1984,12,2.31523524135938,10.9548888888889,-5.26539444444438,117.669,1.68045646268548,0,0
1985,1,2.20152542823623,11.419694444444,-3.10915,1,1.96881079825731,0,0
1985,2,2.45395443418007,9.2405,-3.74154166666699,1,6.85849129403522,0,0
1985,3,4.6287319376892,14.152555555556,-1.51065833333297,44.4,7.819030014888,0,0
1985,4,7.29964724210329,18.368416666667,-2.31285277777801,42.8,16.4381217266506,0,0
1985,5,7.35815655632847,16.233805555556,0.00489166666704932,74.609,15.9766661291905,0,0
1985,6,11.1103811027257,24.558666666667,1,48.08,17.2653491455315,0,0
1985,7,12.1770074517389,23.817388888889,1,205.255,15.5679978624898,0,0
1985,8,13.082317653499,19.816527777778,1,112.275,14.8199051204932,0,0
1985,9,10.399600840195,17.211444444444,1,55.94,10.3341412721667,0,0
1985,10,8.90069540676492,18.201166666667,1,105.533,5.3739956119868,0,0
1985,11,6.31472270214019,16.567583333333,-2.187805555556,234.108,2.2385912110689,0,0
1985,12,5.89137026598508,13.483916666667,-0.100236111110974,367.315,1.22946709247735,0,0
1986,1,2.9276973774385,11.790444444444,-3.117380555556,294.853,1.57335607719725,0,0
1986,2,2.0366494747643,9.42808333333301,-3.04163055555597,68.522,4.85029482293103,0,0
1986,3,3.7501210107787,11.197361111111,-2.98917777777797,65.748,7.51969098957138,0,0
1986,4,4.26401418027538,15.11,-2.73199999999997,94.028,12.7641725467762,0,0
1986,5,8.96936213993909,19.153972222222,0.964466666667022,51.69,17.7551528044195,0,0
1986,6,11.2082197222626,22.000416666667,1,134.515,15.6617781527993,0,0
1986,7,13.2338140461056,26.332305555556,1,134.098,15.2017560550865,0,0
1986,8,13.3987509370782,21.775472222222,1,121.412,14.0181975665729,0,0
1986,9,13.4408290868014,26.38475,1,67.94,10.4427538505454,0,0
1986,10,8.68630251364172,14.695861111111,1,74.88,5.16634165825765,0,0
1986,11,3.52232353745562,11.711222222222,-1.56034722222199,189.427,3.01452644981012,0,0
1986,12,5.31539218061319,12.576833333333,-0.249763888888992,49.974,1.55158151899403,0,0
1987,1,2.82619992956554,9,-4.76553055555598,52.482,1.99742414852437,0,0
1987,2,3.59342614462765,11.688305555556,-2.15262777777775,164.471,3.49557595718514,0,0
1987,3,5.61847942901517,15.7432222222222,-1.57872222222215,134.47,8.41286158526817,0,0
1987,4,6.04938009239419,15.8691666666667,-2.0472972222222,19.659,13.8246466570513,0,0
1987,5,10.0707184278364,22.9852222222223,1,35.56,17.4053106749416,0,0
1987,6,12.4357051241016,23.4249444444445,1,246.176,15.5591844430796,0,0
1987,7,12.6025835378146,21.324388888889,1,161.963,14.0671664010596,0,0
1987,8,12.8523567789713,19.7691111111112,1,85.599,13.7605044292749,0,0
1987,9,10.837412957176,17.5186944444445,1,115.251,8.89175823183333,0,0
1987,10,9.70019977573115,15.9230833333334,1,188.732,4.36750563951613,0,0
1987,11,3.61438966278191,10.78,-2.56822499999993,128.992,3.1029169487535,0,0
1987,12,2.31523524135938,10.9548888888889,-5.26539444444438,117.669,1.68045646268548,0,0
1988,1,2.20152542823623,11.419694444444,-3.10915,1,1.96881079825731,0,0
1988,2,2.45395443418007,9.2405,-3.74154166666699,1,6.85849129403522,0,0
1988,3,4.6287319376892,14.152555555556,-1.51065833333297,44.4,7.819030014888,0,0
1988,4,7.29964724210329,18.368416666667,-2.31285277777801,42.8,16.4381217266506,0,0
1988,5,7.35815655632847,16.233805555556,0.00489166666704932,74.609,15.9766661291905,0,0
1988,6,11.1103811027257,24.558666666667,1,48.08,17.2653491455315,0,0
1988,7,12.1770074517389,23.817388888889,1,205.255,15.5679978624898,0,0
1988,8,13.082317653499,19.816527777778,1,112.275,14.8199051204932,0,0
1988,9,10.399600840195,17.211444444444,1,55.94,10.3341412721667,0,0
1988,10,8.90069540676492,18.201166666667,1,105.533,5.3739956119868,0,0
1988,11,6.31472270214019,16.567583333333,-2.187805555556,234.108,2.2385912110689,0,0
1988,12,5.89137026598508,13.483916666667,-0.100236111110974,367.315,1.22946709247735,0,0
1989,1,2.9276973774385,11.790444444444,-3.117380555556,294.853,1.57335607719725,0,0
1989,2,2.0366494747643,9.42808333333301,-3.04163055555597,68.522,4.85029482293103,0,0
1989,3,3.7501210107787,11.197361111111,-2.98917777777797,65.748,7.51969098957138,0,0
1989,4,4.26401418027538,15.11,-2.73199999999997,94.028,12.7641725467762,0,0
1989,5,8.96936213993909,19.153972222222,0.964466666667022,51.69,17.7551528044195,0,0
1989,6,11.2082197222626,22.000416666667,1,134.515,15.6617781527993,0,0
1989,7,13.2338140461056,26.332305555556,1,134.098,15.2017560550865,0,0
1989,8,13.3987509370782,21.775472222222,1,121.412,14.0181975665729,0,0
1989,9,13.4408290868014,26.38475,1,67.94,10.4427538505454,0,0
1989,10,8.68630251364172,14.695861111111,1,74.88,5.16634165825765,0,0
1989,11,3.52232353745562,11.711222222222,-1.56034722222199,189.427,3.01452644981012,0,0
1989,12,5.31539218061319,12.576833333333,-0.249763888888992,49.974,1.55158151899403,0,0
1990,1,2.82619992956554,9,-4.76553055555598,52.482,1.99742414852437,0,0
1990,2,3.59342614462765,11.688305555556,-2.15262777777775,164.471,3.49557595718514,0,0
1990,3,5.61847942901517,15.7432222222222,-1.57872222222215,134.47,8.41286158526817,0,0
1990,4,6.04938009239419,15.8691666666667,-2.0472972222222,19.659,13.8246466570513,0,0
1990,5,10.0707184278364,22.9852222222223,1,35.56,17.4053106749416,0,0
1990,6,12.4357051241016,23.4249444444445,1,246.176,15.5591844430796,0,0
1990,7,12.6025835378146,21.324388888889,1,161.963,14.0671664010596,0,0
1990,8,12.8523567789713,19.7691111111112,1,85.599,13.7605044292749,0,0
1990,9,10.837412957176,17.5186944444445,1,115.251,8.89175823183333,0,0
1990,10,9.70019977573115,15.9230833333334,1,188.732,4.36750563951613,0,0
1990,11,3.61438966278191,10.78,-2.56822499999993,128.992,3.1029169487535,0,0
1990,12,2.31523524135938,10.9548888888889,-5.26539444444438,117.669,1.68045646268548,0,0
1991,1,2.20152542823623,11.419694444444,-3.10915,1,1.96881079825731,0,0
1991,2,2.45395443418007,9.2405,-3.74154166666699,1,6.85849129403522,0,0
1991,3,4.6287319376892,14.152555555556,-1.51065833333297,44.4,7.819030014888,0,0
1991,4,7.29964724210329,18.368416666667,-2.31285277777801,42.8,16.4381217266506,0,0
1991,5,7.35815655632847,16.233805555556,0.00489166666704932,74.609,15.9766661291905,0,0
1991,6,11.1103811027257,24.558666666667,1,48.08,17.2653491455315,0,0
1991,7,12.1770074517389,23.817388888889,1,205.255,15.5679978624898,0,0
1991,8,13.082317653499,19.816527777778,1,112.275,14.8199051204932,0,0
1991,9,10.399600840195,17.211444444444,1,55.94,10.3341412721667,0,0
1991,10,8.90069540676492,18.201166666667,1,105.533,5.3739956119868,0,0
1991,11,6.31472270214019,16.567583333333,-2.187805555556,234.108,2.2385912110689,0,0
1991,12,5.89137026598508,13.483916666667,-0.100236111110974,367.315,1.22946709247735,0,0
1992,1,2.9276973774385,11.790444444444,-3.117380555556,294.853,1.57335607719725,0,0
1992,2,2.0366494747643,9.42808333333301,-3.04163055555597,68.522,4.85029482293103,0,0
1992,3,3.7501210107787,11.197361111111,-2.98917777777797,65.748,7.51969098957138,0,0
1992,4,4.26401418027538,15.11,-2.73199999999997,94.028,12.7641725467762,0,0
1992,5,8.96936213993909,19.153972222222,0.964466666667022,51.69,17.7551528044195,0,0
1992,6,11.2082197222626,22.000416666667,1,134.515,15.6617781527993,0,0
1992,7,13.2338140461056,26.332305555556,1,134.098,15.2017560550865,0,0
1992,8,13.3987509370782,21.775472222222,1,121.412,14.0181975665729,0,0
1992,9,13.4408290868014,26.38475,1,67.94,10.4427538505454,0,0
1992,10,8.68630251364172,14.695861111111,1,74.88,5.16634165825765,0,0
1992,11,3.52232353745562,11.711222222222,-1.56034722222199,189.427,3.01452644981012,0,0
1992,12,5.31539218061319,12.576833333333,-0.249763888888992,49.974,1.55158151899403,0,0
1993,1,2.82619992956554,9,-4.76553055555598,52.482,1.99742414852437,0,0
1993,2,3.59342614462765,11.688305555556,-2.15262777777775,164.471,3.49557595718514,0,0
1993,3,5.61847942901517,15.7432222222222,-1.57872222222215,134.47,8.41286158526817,0,0
1993,4,6.04938009239419,15.8691666666667,-2.0472972222222,19.659,13.8246466570513,0,0
1993,5,10.0707184278364,22.9852222222223,1,35.56,17.4053106749416,0,0
1993,6,12.4357051241016,23.4249444444445,1,246.176,15.5591844430796,0,0
1993,7,12.6025835378146,21.324388888889,1,161.963,14.0671664010596,0,0
1993,8,12.8523567789713,19.7691111111112,1,85.599,13.7605044292749,0,0
1993,9,10.837412957176,17.5186944444445,1,115.251,8.89175823183333,0,0
1993,10,9.70019977573115,15.9230833333334,1,188.732,4.36750563951613,0,0
1993,11,3.61438966278191,10.78,-2.56822499999993,128.992,3.1029169487535,0,0
1993,12,2.31523524135938,10.9548888888889,-5.26539444444438,117.669,1.68045646268548,0,0
1994,1,2.20152542823623,11.419694444444,-3.10915,1,1.96881079825731,0,0
1994,2,2.45395443418007,9.2405,-3.74154166666699,1,6.85849129403522,0,0
1994,3,4.6287319376892,14.152555555556,-1.51065833333297,44.4,7.819030014888,0,0
1994,4,7.29964724210329,18.368416666667,-2.31285277777801,42.8,16.4381217266506,0,0
1994,5,7.35815655632847,16.233805555556,0.00489166666704932,74.609,15.9766661291905,0,0
1994,6,11.1103811027257,24.558666666667,1,48.08,17.2653491455315,0,0
1994,7,12.1770074517389,23.817388888889,1,205.255,15.5679978624898,0,0
1994,8,13.082317653499,19.816527777778,1,112.275,14.8199051204932,0,0
1994,9,10.399600840195,17.211444444444,1,55.94,10.3341412721667,0,0
1994,10,8.90069540676492,18.201166666667,1,105.533,5.3739956119868,0,0
1994,11,6.31472270214019,16.567583333333,-2.187805555556,234.108,2.2385912110689,0,0
1994,12,5.89137026598508,13.483916666667,-0.100236111110974,367.315,1.22946709247735,0,0
1995,1,2.9276973774385,11.790444444444,-3.117380555556,294.853,1.57335607719725,0,0
1995,2,2.0366494747643,9.42808333333301,-3.04163055555597,68.522,4.85029482293103,0,0
1995,3,3.7501210107787,11.197361111111,-2.98917777777797,65.748,7.51969098957138,0,0
1995,4,4.26401418027538,15.11,-2.73199999999997,94.028,12.7641725467762,0,0
1995,5,8.96936213993909,19.153972222222,0.964466666667022,51.69,17.7551528044195,0,0
1995,6,11.2082197222626,22.000416666667,1,134.515,15.6617781527993,0,0
1995,7,13.2338140461056,26.332305555556,1,134.098,15.2017560550865,0,0
1995,8,13.3987509370782,21.775472222222,1,121.412,14.0181975665729,0,0
1995,9,13.4408290868014,26.38475,1,67.94,10.4427538505454,0,0
1995,10,8.68630251364172,14.695861111111,1,74.88,5.16634165825765,0,0
1995,11,3.52232353745562,11.711222222222,-1.56034722222199,189.427,3.01452644981012,0,0
1995,12,5.31539218061319,12.576833333333,-0.249763888888992,49.974,1.55158151899403,0,0
1996,1,2.82619992956554,9,-4.76553055555598,52.482,1.99742414852437,0,0
1996,2,3.59342614462765,11.688305555556,-2.15262777777775,164.471,3.49557595718514,0,0
1996,3,5.61847942901517,15.7432222222222,-1.57872222222215,134.47,8.41286158526817,0,0
1996,4,6.04938009239419,15.8691666666667,-2.0472972222222,19.659,13.8246466570513,0,0
1996,5,10.0707184278364,22.9852222222223,1,35.56,17.4053106749416,0,0
1996,6,12.4357051241016,23.4249444444445,1,246.176,15.5591844430796,0,0
1996,7,12.6025835378146,21.324388888889,1,161.963,14.0671664010596,0,0
1996,8,12.8523567789713,19.7691111111112,1,85.599,13.7605044292749,0,0
1996,9,10.837412957176,17.5186944444445,1,115.251,8.89175823183333,0,0
1996,10,9.70019977573115,15.9230833333334,1,188.732,4.36750563951613,0,0
1996,11,3.61438966278191,10.78,-2.56822499999993,128.992,3.1029169487535,0,0
1996,12,2.31523524135938,10.9548888888889,-5.26539444444438,117.669,1.68045646268548,0,0
1997,1,2.20152542823623,11.419694444444,-3.10915,1,1.96881079825731,0,0
1997,2,2.45395443418007,9.2405,-3.74154166666699,1,6.85849129403522,0,0
1997,3,4.6287319376892,14.152555555556,-1.51065833333297,44.4,7.819030014888,0,0
1997,4,7.29964724210329,18.368416666667,-2.31285277777801,42.8,16.4381217266506,0,0
1997,5,7.35815655632847,16.233805555556,0.00489166666704932,74.609,15.9766661291905,0,0
1997,6,11.1103811027257,24.558666666667,1,48.08,17.2653491455315,0,0
1997,7,12.1770074517389,23.817388888889,1,205.255,15.5679978624898,0,0
1997,8,13.082317653499,19.816527777778,1,112.275,14.8199051204932,0,0
1997,9,10.399600840195,17.211444444444,1,55.94,10.3341412721667,0,0
1997,10,8.90069540676492,18.201166666667,1,105.533,5.3739956119868,0,0
1997,11,6.31472270214019,16.567583333333,-2.187805555556,234.108,2.2385912110689,0,0
1997,12,5.89137026598508,13.483916666667,-0.100236111110974,367.315,1.22946709247735,0,0
1998,1,2.9276973774385,11.790444444444,-3.117380555556,294.853,1.57335607719725,0,0
1998,2,2.0366494747643,9.42808333333301,-3.04163055555597,68.522,4.85029482293103,0,0
1998,3,3.7501210107787,11.197361111111,-2.98917777777797,65.748,7.51969098957138,0,0
1998,4,4.26401418027538,15.11,-2.73199999999997,94.028,12.7641725467762,0,0
1998,5,8.96936213993909,19.153972222222,0.964466666667022,51.69,17.7551528044195,0,0
1998,6,11.2082197222626,22.000416666667,1,134.515,15.6617781527993,0,0
1998,7,13.2338140461056,26.332305555556,1,134.098,15.2017560550865,0,0
1998,8,13.3987509370782,21.775472222222,1,121.412,14.0181975665729,0,0
1998,9,13.4408290868014,26.38475,1,67.94,10.4427538505454,0,0
1998,10,8.68630251364172,14.695861111111,1,74.88,5.16634165825765,0,0
1998,11,3.52232353745562,11.711222222222,-1.56034722222199,189.427,3.01452644981012,0,0
1998,12,5.31539218061319,12.576833333333,-0.249763888888992,49.974,1.55158151899403,0,0
1999,1,2.82619992956554,9,-4.76553055555598,52.482,1.99742414852437,0,0
1999,2,3.59342614462765,11.688305555556,-2.15262777777775,164.471,3.49557595718514,0,0
1999,3,5.61847942901517,15.7432222222222,-1.57872222222215,134.47,8.41286158526817,0,0
1999,4,6.04938009239419,15.8691666666667,-2.0472972222222,19.659,13.8246466570513,0,0
1999,5,10.0707184278364,22.9852222222223,1,35.56,17.4053106749416,0,0
1999,6,12.4357051241016,23.4249444444445,1,246.176,15.5591844430796,0,0
1999,7,12.6025835378146,21.324388888889,1,161.963,14.0671664010596,0,0
1999,8,12.8523567789713,19.7691111111112,1,85.599,13.7605044292749,0,0
1999,9,10.837412957176,17.5186944444445,1,115.251,8.89175823183333,0,0
1999,10,9.70019977573115,15.9230833333334,1,188.732,4.36750563951613,0,0
1999,11,3.61438966278191,10.78,-2.56822499999993,128.992,3.1029169487535,0,0
1999,12,2.31523524135938,10.9548888888889,-5.26539444444438,117.669,1.68045646268548,0,0
2000,1,2.20152542823623,11.419694444444,-3.10915,1,1.96881079825731,0,0
2000,2,2.45395443418007,9.2405,-3.74154166666699,1,6.85849129403522,0,0
2000,3,4.6287319376892,14.152555555556,-1.51065833333297,44.4,7.819030014888,0,0
2000,4,7.29964724210329,18.368416666667,-2.31285277777801,42.8,16.4381217266506,0,0
2000,5,7.35815655632847,16.233805555556,0.00489166666704932,74.609,15.9766661291905,0,0
2000,6,11.1103811027257,24.558666666667,1,48.08,17.2653491455315,0,0
2000,7,12.1770074517389,23.817388888889,1,205.255,15.5679978624898,0,0
2000,8,13.082317653499,19.816527777778,1,112.275,14.8199051204932,0,0
2000,9,10.399600840195,17.211444444444,1,55.94,10.3341412721667,0,0
2000,10,8.90069540676492,18.201166666667,1,105.533,5.3739956119868,0,0
2000,11,6.31472270214019,16.567583333333,-2.187805555556,234.108,2.2385912110689,0,0
2000,12,5.89137026598508,13.483916666667,-0.100236111110974,367.315,1.22946709247735,0,0
2001,1,2.9276973774385,11.790444444444,-3.117380555556,294.853,1.57335607719725,0,0
2001,2,2.0366494747643,9.42808333333301,-3.04163055555597,68.522,4.85029482293103,0,0
2001,3,3.7501210107787,11.197361111111,-2.98917777777797,65.748,7.51969098957138,0,0
2001,4,4.26401418027538,15.11,-2.73199999999997,94.028,12.7641725467762,0,0
2001,5,8.96936213993909,19.153972222222,0.964466666667022,51.69,17.7551528044195,0,0
2001,6,11.2082197222626,22.000416666667,1,134.515,15.6617781527993,0,0
2001,7,13.2338140461056,26.332305555556,1,134.098,15.2017560550865,0,0
2001,8,13.3987509370782,21.775472222222,1,121.412,14.0181975665729,0,0
2001,9,13.4408290868014,26.38475,1,67.94,10.4427538505454,0,0
2001,10,8.68630251364172,14.695861111111,1,74.88,5.16634165825765,0,0
2001,11,3.52232353745562,11.711222222222,-1.56034722222199,189.427,3.01452644981012,0,0
2001,12,5.31539218061319,12.576833333333,-0.249763888888992,49.974,1.55158151899403,0,0
2002,1,2.82619992956554,9,-4.76553055555598,52.482,1.99742414852437,0,0
2002,2,3.59342614462765,11.688305555556,-2.15262777777775,164.471,3.49557595718514,0,0
2002,3,5.61847942901517,15.7432222222222,-1.57872222222215,134.47,8.41286158526817,0,0
2002,4,6.04938009239419,15.8691666666667,-2.0472972222222,19.659,13.8246466570513,0,0
2002,5,10.0707184278364,22.9852222222223,1,35.56,17.4053106749416,0,0
2002,6,12.4357051241016,23.4249444444445,1,246.176,15.5591844430796,0,0
2002,7,12.6025835378146,21.324388888889,1,161.963,14.0671664010596,0,0
2002,8,12.8523567789713,19.7691111111112,1,85.599,13.7605044292749,0,0
2002,9,10.837412957176,17.5186944444445,1,115.251,8.89175823183333,0,0
2002,10,9.70019977573115,15.9230833333334,1,188.732,4.36750563951613,0,0
2002,11,3.61438966278191,10.78,-2.56822499999993,128.992,3.1029169487535,0,0
2002,12,2.31523524135938,10.9548888888889,-5.26539444444438,117.669,1.68045646268548,0,0
2003,1,2.20152542823623,11.419694444444,-3.10915,1,1.96881079825731,0,0
2003,2,2.45395443418007,9.2405,-3.74154166666699,1,6.85849129403522,0,0
2003,3,4.6287319376892,14.152555555556,-1.51065833333297,44.4,7.819030014888,0,0
2003,4,7.29964724210329,18.368416666667,-2.31285277777801,42.8,16.4381217266506,0,0
2003,5,7.35815655632847,16.233805555556,0.00489166666704932,74.609,15.9766661291905,0,0
2003,6,11.1103811027257,24.558666666667,1,48.08,17.2653491455315,0,0
2003,7,12.1770074517389,23.817388888889,1,205.255,15.5679978624898,0,0
2003,8,13.082317653499,19.816527777778,1,112.275,14.8199051204932,0,0
2003,9,10.399600840195,17.211444444444,1,55.94,10.3341412721667,0,0
2003,10,8.90069540676492,18.201166666667,1,105.533,5.3739956119868,0,0
2003,11,6.31472270214019,16.567583333333,-2.187805555556,234.108,2.2385912110689,0,0
2003,12,5.89137026598508,13.483916666667,-0.100236111110974,367.315,1.22946709247735,0,0
2004,1,2.9276973774385,11.790444444444,-3.117380555556,294.853,1.57335607719725,0,0
2004,2,2.0366494747643,9.42808333333301,-3.04163055555597,68.522,4.85029482293103,0,0
2004,3,3.7501210107787,11.197361111111,-2.98917777777797,65.748,7.51969098957138,0,0
2004,4,4.26401418027538,15.11,-2.73199999999997,94.028,12.7641725467762,0,0
2004,5,8.96936213993909,19.153972222222,0.964466666667022,51.69,17.7551528044195,0,0
2004,6,11.2082197222626,22.000416666667,1,134.515,15.6617781527993,0,0
2004,7,13.2338140461056,26.332305555556,1,134.098,15.2017560550865,0,0
2004,8,13.3987509370782,21.775472222222,1,121.412,14.0181975665729,0,0
2004,9,13.4408290868014,26.38475,1,67.94,10.4427538505454,0,0
2004,10,8.68630251364172,14.695861111111,1,74.88,5.16634165825765,0,0
2004,11,3.52232353745562,11.711222222222,-1.56034722222199,189.427,3.01452644981012,0,0
2004,12,5.31539218061319,12.576833333333,-0.249763888888992,49.974,1.55158151899403,0,0
2005,1,2.82619992956554,9,-4.76553055555598,52.482,1.99742414852437,0,0
2005,2,3.59342614462765,11.688305555556,-2.15262777777775,164.471,3.49557595718514,0,0
2005,3,5.61847942901517,15.7432222222222,-1.57872222222215,134.47,8.41286158526817,0,0
2005,4,6.04938009239419,15.8691666666667,-2.0472972222222,19.659,13.8246466570513,0,0
2005,5,10.0707184278364,22.9852222222223,1,35.56,17.4053106749416,0,0
2005,6,12.4357051241016,23.4249444444445,1,246.176,15.5591844430796,0,0
2005,7,12.6025835378146,21.324388888889,1,161.963,14.0671664010596,0,0
2005,8,12.8523567789713,19.7691111111112,1,85.599,13.7605044292749,0,0
2005,9,10.837412957176,17.5186944444445,1,115.251,8.89175823183333,0,0
2005,10,9.70019977573115,15.9230833333334,1,188.732,4.36750563951613,0,0
2005,11,3.61438966278191,10.78,-2.56822499999993,128.992,3.1029169487535,0,0
2005,12,2.31523524135938,10.9548888888889,-5.26539444444438,117.669,1.68045646268548,0,0
2006,1,2.20152542823623,11.419694444444,-3.10915,1,1.96881079825731,0,0
2006,2,2.45395443418007,9.2405,-3.74154166666699,1,6.85849129403522,0,0
2006,3,4.6287319376892,14.152555555556,-1.51065833333297,44.4,7.819030014888,0,0
2006,4,7.29964724210329,18.368416666667,-2.31285277777801,42.8,16.4381217266506,0,0
2006,5,7.35815655632847,16.233805555556,0.00489166666704932,74.609,15.9766661291905,0,0
2006,6,11.1103811027257,24.558666666667,1,48.08,17.2653491455315,0,0
2006,7,12.1770074517389,23.817388888889,1,205.255,15.5679978624898,0,0
2006,8,13.082317653499,19.816527777778,1,112.275,14.8199051204932,0,0
2006,9,10.399600840195,17.211444444444,1,55.94,10.3341412721667,0,0
2006,10,8.90069540676492,18.201166666667,1,105.533,5.3739956119868,0,0
2006,11,6.31472270214019,16.567583333333,-2.187805555556,234.108,2.2385912110689,0,0
2006,12,5.89137026598508,13.483916666667,-0.100236111110974,367.315,1.22946709247735,0,0
2007,1,2.9276973774385,11.790444444444,-3.117380555556,294.853,1.57335607719725,0,0
2007,2,2.0366494747643,9.42808333333301,-3.04163055555597,68.522,4.85029482293103,0,0
2007,3,3.7501210107787,11.197361111111,-2.98917777777797,65.748,7.51969098957138,0,0
2007,4,4.26401418027538,15.11,-2.73199999999997,94.028,12.7641725467762,0,0
2007,5,8.96936213993909,19.153972222222,0.964466666667022,51.69,17.7551528044195,0,0
2007,6,11.2082197222626,22.000416666667,1,134.515,15.6617781527993,0,0
2007,7,13.2338140461056,26.332305555556,1,134.098,15.2017560550865,0,0
2007,8,13.3987509370782,21.775472222222,1,121.412,14.0181975665729,0,0
2007,9,13.4408290868014,26.38475,1,67.94,10.4427538505454,0,0
2007,10,8.68630251364172,14.695861111111,1,74.88,5.16634165825765,0,0
2007,11,3.52232353745562,11.711222222222,-1.56034722222199,189.427,3.01452644981012,0,0
2007,12,5.31539218061319,12.576833333333,-0.249763888888992,49.974,1.55158151899403,0,0
2008,1,2.82619992956554,9,-4.76553055555598,52.482,1.99742414852437,0,0
2008,2,3.59342614462765,11.688305555556,-2.15262777777775,164.471,3.49557595718514,0,0
2008,3,5.61847942901517,15.7432222222222,-1.57872222222215,134.47,8.41286158526817,0,0
2008,4,6.04938009239419,15.8691666666667,-2.0472972222222,19.659,13.8246466570513,0,0
2008,5,10.0707184278364,22.9852222222223,1,35.56,17.4053106749416,0,0
2008,6,12.4357051241016,23.4249444444445,1,246.176,15.5591844430796,0,0
2008,7,12.6025835378146,21.324388888889,1,161.963,14.0671664010596,0,0
2008,8,12.8523567789713,19.7691111111112,1,85.599,13.7605044292749,0,0
2008,9,10.837412957176,17.5186944444445,1,115.251,8.89175823183333,0,0
2008,10,9.70019977573115,15.9230833333334,1,188.732,4.36750563951613,0,0
2008,11,3.61438966278191,10.78,-2.56822499999993,128.992,3.1029169487535,0,0
2008,12,2.31523524135938,10.9548888888889,-5.26539444444438,117.669,1.68045646268548,0,0
2009,1,2.20152542823623,11.419694444444,-3.10915,1,1.96881079825731,0,0
2009,2,2.45395443418007,9.2405,-3.74154166666699,1,6.85849129403522,0,0
2009,3,4.6287319376892,14.152555555556,-1.51065833333297,44.4,7.819030014888,0,0
2009,4,7.29964724210329,18.368416666667,-2.31285277777801,42.8,16.4381217266506,0,0
2009,5,7.35815655632847,16.233805555556,0.00489166666704932,74.609,15.9766661291905,0,0
2009,6,11.1103811027257,24.558666666667,1,48.08,17.2653491455315,0,0
2009,7,12.1770074517389,23.817388888889,1,205.255,15.5679978624898,0,0
2009,8,13.082317653499,19.816527777778,1,112.275,14.8199051204932,0,0
2009,9,10.399600840195,17.211444444444,1,55.94,10.3341412721667,0,0
2009,10,8.90069540676492,18.201166666667,1,105.533,5.3739956119868,0,0
2009,11,6.31472270214019,16.567583333333,-2.187805555556,234.108,2.2385912110689,0,0
2009,12,5.89137026598508,13.483916666667,-0.100236111110974,367.315,1.22946709247735,0,0
2010,1,2.9276973774385,11.790444444444,-3.117380555556,294.853,1.57335607719725,0,0
2010,2,2.0366494747643,9.42808333333301,-3.04163055555597,68.522,4.85029482293103,0,0
2010,3,3.7501210107787,11.197361111111,-2.98917777777797,65.748,7.51969098957138,0,0
2010,4,4.26401418027538,15.11,-2.73199999999997,94.028,12.7641725467762,0,0
2010,5,8.96936213993909,19.153972222222,0.964466666667022,51.69,17.7551528044195,0,0
2010,6,11.2082197222626,22.000416666667,1,134.515,15.6617781527993,0,0
2010,7,13.2338140461056,26.332305555556,1,134.098,15.2017560550865,0,0
2010,8,13.3987509370782,21.775472222222,1,121.412,14.0181975665729,0,0
2010,9,13.4408290868014,26.38475,1,67.94,10.4427538505454,0,0
2010,10,8.68630251364172,14.695861111111,1,74.88,5.16634165825765,0,0
2010,11,3.52232353745562,11.711222222222,-1.56034722222199,189.427,3.01452644981012,0,0
2010,12,5.31539218061319,12.576833333333,-0.249763888888992,49.974,1.55158151899403,0,0
2011,1,2.82619992956554,9,-4.76553055555598,52.482,1.99742414852437,0,0
2011,2,3.59342614462765,11.688305555556,-2.15262777777775,164.471,3.49557595718514,0,0
2011,3,5.61847942901517,15.7432222222222,-1.57872222222215,134.47,8.41286158526817,0,0
2011,4,6.04938009239419,15.8691666666667,-2.0472972222222,19.659,13.8246466570513,0,0
2011,5,10.0707184278364,22.9852222222223,1,35.56,17.4053106749416,0,0
2011,6,12.4357051241016,23.4249444444445,1,246.176,15.5591844430796,0,0
2011,7,12.6025835378146,21.324388888889,1,161.963,14.0671664010596,0,0
2011,8,12.8523567789713,19.7691111111112,1,85.599,13.7605044292749,0,0
2011,9,10.837412957176,17.5186944444445,1,115.251,8.89175823183333,0,0
2011,10,9.70019977573115,15.9230833333334,1,188.732,4.36750563951613,0,0
2011,11,3.61438966278191,10.78,-2.56822499999993,128.992,3.1029169487535,0,0
2011,12,2.31523524135938,10.9548888888889,-5.26539444444438,117.669,1.68045646268548,0,0
2012,1,2.20152542823623,11.419694444444,-3.10915,1,1.96881079825731,0,0
2012,2,2.45395443418007,9.2405,-3.74154166666699,1,6.85849129403522,0,0
2012,3,4.6287319376892,14.152555555556,-1.51065833333297,44.4,7.819030014888,0,0
2012,4,7.29964724210329,18.368416666667,-2.31285277777801,42.8,16.4381217266506,0,0
2012,5,7.35815655632847,16.233805555556,0.00489166666704932,74.609,15.9766661291905,0,0
2012,6,11.1103811027257,24.558666666667,1,48.08,17.2653491455315,0,0
2012,7,12.1770074517389,23.817388888889,1,205.255,15.5679978624898,0,0
2012,8,13.082317653499,19.816527777778,1,112.275,14.8199051204932,0,0
2012,9,10.399600840195,17.211444444444,1,55.94,10.3341412721667,0,0
2012,10,8.90069540676492,18.201166666667,1,105.533,5.3739956119868,0,0
2012,11,6.31472270214019,16.567583333333,-2.187805555556,234.108,2.2385912110689,0,0
2012,12,5.89137026598508,13.483916666667,-0.100236111110974,367.315,1.22946709247735,0,0
2013,1,2.9276973774385,11.790444444444,-3.117380555556,294.853,1.57335607719725,0,0
2013,2,2.0366494747643,9.42808333333301,-3.04163055555597,68.522,4.85029482293103,0,0
2013,3,3.7501210107787,11.197361111111,-2.98917777777797,65.748,7.51969098957138,0,0
2013,4,4.26401418027538,15.11,-2.73199999999997,94.028,12.7641725467762,0,0
2013,5,8.96936213993909,19.153972222222,0.964466666667022,51.69,17.7551528044195,0,0
2013,6,11.2082197222626,22.000416666667,1,134.515,15.6617781527993,0,0
2013,7,13.2338140461056,26.332305555556,1,134.098,15.2017560550865,0,0
2013,8,13.3987509370782,21.775472222222,1,121.412,14.0181975665729,0,0
2013,9,13.4408290868014,26.38475,1,67.94,10.4427538505454,0,0
2013,10,8.68630251364172,14.695861111111,1,74.88,5.16634165825765,0,0
2013,11,3.52232353745562,11.711222222222,-1.56034722222199,189.427,3.01452644981012,0,0
2013,12,5.31539218061319,12.576833333333,-0.249763888888992,49.974,1.55158151899403,0,0
2014,1,2.82619992956554,9,-4.76553055555598,52.482,1.99742414852437,0,0
2014,2,3.59342614462765,11.688305555556,-2.15262777777775,164.471,3.49557595718514,0,0
2014,3,5.61847942901517,15.7432222222222,-1.57872222222215,134.47,8.41286158526817,0,0
2014,4,6.04938009239419,15.8691666666667,-2.0472972222222,19.659,13.8246466570513,0,0
2014,5,10.0707184278364,22.9852222222223,1,35.56,17.4053106749416,0,0
2014,6,12.4357051241016,23.4249444444445,1,246.176,15.5591844430796,0,0
2014,7,12.6025835378146,21.324388888889,1,161.963,14.0671664010596,0,0
2014,8,12.8523567789713,19.7691111111112,1,85.599,13.7605044292749,0,0
2014,9,10.837412957176,17.5186944444445,1,115.251,8.89175823183333,0,0
2014,10,9.70019977573115,15.9230833333334,1,188.732,4.36750563951613,0,0
2014,11,3.61438966278191,10.78,-2.56822499999993,128.992,3.1029169487535,0,0
2014,12,2.31523524135938,10.9548888888889,-5.26539444444438,117.669,1.68045646268548,0,0
2015,1,2.20152542823623,11.419694444444,-3.10915,1,1.96881079825731,0,0
2015,2,2.45395443418007,9.2405,-3.74154166666699,1,6.85849129403522,0,0
2015,3,4.6287319376892,14.152555555556,-1.51065833333297,44.4,7.819030014888,0,0
2015,4,7.29964724210329,18.368416666667,-2.31285277777801,42.8,16.4381217266506,0,0
2015,5,7.35815655632847,16.233805555556,0.00489166666704932,74.609,15.9766661291905,0,0
2015,6,11.1103811027257,24.558666666667,1,48.08,17.2653491455315,0,0
2015,7,12.1770074517389,23.817388888889,1,205.255,15.5679978624898,0,0
2015,8,13.082317653499,19.816527777778,1,112.275,14.8199051204932,0,0
2015,9,10.399600840195,17.211444444444,1,55.94,10.3341412721667,0,0
2015,10,8.90069540676492,18.201166666667,1,105.533,5.3739956119868,0,0
2015,11,6.31472270214019,16.567583333333,-2.187805555556,234.108,2.2385912110689,0,0
2015,12,5.89137026598508,13.483916666667,-0.100236111110974,367.315,1.22946709247735,0,0
2016,1,2.9276973774385,11.790444444444,-3.117380555556,294.853,1.57335607719725,0,0
2016,2,2.0366494747643,9.42808333333301,-3.04163055555597,68.522,4.85029482293103,0,0
2016,3,3.7501210107787,11.197361111111,-2.98917777777797,65.748,7.51969098957138,0,0
2016,4,4.26401418027538,15.11,-2.73199999999997,94.028,12.7641725467762,0,0
2016,5,8.96936213993909,19.153972222222,0.964466666667022,51.69,17.7551528044195,0,0
2016,6,11.2082197222626,22.000416666667,1,134.515,15.6617781527993,0,0
2016,7,13.2338140461056,26.332305555556,1,134.098,15.2017560550865,0,0
2016,8,13.3987509370782,21.775472222222,1,121.412,14.0181975665729,0,0
2016,9,13.4408290868014,26.38475,1,67.94,10.4427538505454,0,0
2016,10,8.68630251364172,14.695861111111,1,74.88,5.16634165825765,0,0
2016,11,3.52232353745562,11.711222222222,-1.56034722222199,189.427,3.01452644981012,0,0
2016,12,5.31539218061319,12.576833333333,-0.249763888888992,49.974,1.55158151899403,0,0
2017,1,2.82619992956554,9,-4.76553055555598,52.482,1.99742414852437,0,0
2017,2,3.59342614462765,11.688305555556,-2.15262777777775,164.471,3.49557595718514,0,0
2017,3,5.61847942901517,15.7432222222222,-1.57872222222215,134.47,8.41286158526817,0,0
2017,4,6.04938009239419,15.8691666666667,-2.0472972222222,19.659,13.8246466570513,0,0
2017,5,10.0707184278364,22.9852222222223,1,35.56,17.4053106749416,0,0
2017,6,12.4357051241016,23.4249444444445,1,246.176,15.5591844430796,0,0
2017,7,12.6025835378146,21.324388888889,1,161.963,14.0671664010596,0,0
2017,8,12.8523567789713,19.7691111111112,1,85.599,13.7605044292749,0,0
2017,9,10.837412957176,17.5186944444445,1,115.251,8.89175823183333,0,0
2017,10,9.70019977573115,15.9230833333334,1,188.732,4.36750563951613,0,0
2017,11,3.61438966278191,10.78,-2.56822499999993,128.992,3.1029169487535,0,0
2017,12,2.31523524135938,10.9548888888889,-5.26539444444438,117.669,1.68045646268548,0,0
2018,1,2.25431246284162,9.68919444444447,-3.74721388888884,115.26,1.89821173725474,0,0
2018,2,0.551322557547372,8.46691666666669,-7.03677222222217,66.121,4.55044771792262,0,0
2018,3,1.65740590285832,9.57994444444449,-6.11244999999997,174.95,6.64457131133415,0,0
2018,4,6.09986869268765,20.1109444444444,-2.92047499999995,79.2,11.5100780915719,0,0
2018,5,10.7747720075419,21.660888888889,0.831947222222254,42.751,20.1955527795161,0,0
2018,6,12.9242056575982,24.8270555555557,1,64.869,20.7852608948989,0,0
2018,7,15.2903509557946,24.7874722222223,1,66.27,18.3937945119355,0,0
2018,8,13.3107797423465,20.8500833333334,1,115.566,12.6792828745108,0,0
2018,9,10.4356739964526,20.8696666666668,1,110.98,10.1654414455675,0,0
2018,10,8.10193427447799,17.5354722222223,-0.151811111111044,113.677,5.50219970790518,0,0
2018,11,6.03615252571845,12.0086111111111,0.620469444444495,144.699,1.95795932504431,0,0
2018,12,4.11752516427723,9.92000000000007,-2.04099999999994,79.91,1.6975565605914,0,0
